sku_id,burnaby_qty,kentucky_qty
ACA-10159,6,0
ACA-10165,0,0
ACA-10169,5,0
ACA-10171,16,0
ACA-10190,1,0
ACA-10242,62,53
ACA-10261,15,0
ACA-10262,21,0
ACA-10344,0,3
ACA-10348,2,0
ACA-4309,1,3
ACA-7351,85,87
ACA-7440,170,27
ACA-8039,0,2
ACA-8755A,19,0
ACA-8918,86,38
ACA-9360,11,0
ACA-9361,10,0
ACA-9482,59,0
ACA-9683,100,91
ACA-9997,13,1
ACF-10132,7,0
ACF-10133,20,2
ACF-10134,48,49
ACF-10135,0,1
ACF-10138,0,0
ACF-10139,11,0
ACF-10140,6,0
ACF-10285,109,117
ACF-10374,0,0
ACF-10377,0,0
ACF-10547,0,0
ACF-10553,8,0
ACF-10709,121,0
ACF-10729,9,0
ACF-10743,0,0
ACF-10775,18,0
ACF-11176,0,0
ACF-11177,10,0
ACF-11178,78,123
ACF-11179,42,1
ACF-11182,6,0
ACF-11183,0,0
ACF-11668,49,0
ACF-8392A,0,0
ACF-8791A,96,110
ACF-8813A,0,0
ACF-9846A,0,0
AD-6FT-2PR,0,0
AD-CBOOK-2,2,0
AD-DL-14R,20,0
AD-HP-NV-TS,0,0
AD-ICONIA-A100,0,0
AD-IDEA-PAD,10,0
AD-LM-LT,0,0
AD-MBP33,0,0
AD-NONO-8800,61,1
ADP-50SB-ZZ,0,0
AD-PT-D200,0,0
AD-PVN-G6,0,0
AD-ROG-G71,0,1
AD-ROG-G750,30,0
AD-SMR-INFANT,5,0
AD-SRS-2-7,0,0
AD-SRS-9,0,0
AD-VB-S200,0,0
AD-WHL-TRM,0,0
AD-X401,0,1
AD-X-RCKR,0,0
AD-YMH-PSR,0,0
AHDBT-002,27,40
AHDBT-002-CH,12,0
AHDBT-401,71,100
AHDBT-401-CH,41,0
AHDBT-501,43,0
AHDBT-501-CH,0,27
AHDBT-801,6,57
AHDBT-901,61,0
AHDBT-901-CH,54,0
ALB-241555401,104,4140
ALB-316538901,501,1995
ALB-4173175,350,1885
ALB-4713-001013,931,2511
ALB-4713-001165,717,4500
ALB-6912A40002E,226,879
ALB-6912W1Z004B,272,1100
ALB-8009,202,700
ALB-8206232A,285,1120
ALB-8206443,85,199
ALB-SB02300891,1028,2595
ALB-W10709921,474,1645
ALB-WB01X10239,160,541
ALB-WB25X10019,238,7452
ALB-WB36X10003,142,1328
ALB-WE05X20431,118,597
ALB-WP4452164,810,2953
ALB-WR02X12208,457,1848
AP-12001656,68,85
AP-12112425,174,150
AP-131450300,21,6
AP-131763202,57,50
AP-131763310,182,349
AP-131965300,33,67
AP-134120900,27,22
AP-134412860,30,105
AP-134503600,49,108
AP-134511600,68,23
AP-134550800,60,57
AP-134792700,0,0
AP-134793600,62,68
AP-137032600,57,131
AP-137221600,0,3
AP-137292700,91,97
AP-154580301,48,60
AP-154701001,39,156
AP-154827601,87,104
AP-165314,26,140
AP-215846602,166,306
AP-215846604,41,39
AP-2169373,85,98
AP-218428101,1,113
AP-2187172,56,360
AP-2198202,57,132
AP-2198597,99,299
AP-2260502B,244,450
AP-240323001,59,42
AP-240323002,99,127
AP-240338001,403,77
AP-240351601,69,336
AP-240356401,57,57
AP-240363701,109,341
AP-240530601,22,129
AP-240530701,109,0
AP-240534701,0,0
AP-241509402,2,67
AP-241798224,157,725
AP-279393,225,464
AP-279570,81,207
AP-279640,22,70
AP-279834,30,20
AP-279838,128,208
AP-280145,39,49
AP-280187,9,113
AP-285671,92,128
AP-285753A,206,144
AP-285805,36,60
AP-285809,51,134
AP-285811,52,108
AP-297147700,69,307
AP-297216600,73,152
AP-297250000,0,0
AP-303373K,280,470
AP-306508,549,129
AP-312959,77,545
AP-316217002,0,0
AP-3204267,37,58
AP-330031,53,30
AP-3363394,24,64
AP-3387747,95,127
AP-3390291,26,145
AP-3406105,52,206
AP-3406107,235,250
AP-341241,343,1226
AP-349241T,287,330
AP-3891ER2003A,11,0
AP-3949238,222,4
AP-3949247,58,121
AP-3977767,325,51
AP-4317943,226,292
AP-4378581,0,0
AP-4389102,39,85
AP-4400EL2001F,525,110
AP-4561EL3002A,12,41
AP-4581EL2002C,219,291
AP-4681EA2001T,127,99
AP-4738ER1002A,0,0
AP-482493,47,265
AP-4901ER2003A,46,121
AP-4933DD3001B,204,219
AP-49621,560,352
AP-5006EA3009B,29,60
AP-5220FR2006H,185,194
AP-5231EL1001C,15,202
AP-5231EL1003B,12,142
AP-5300622034,26,97
AP-5301EL1001J,123,163
AP-5303281153,2,1
AP-5303918214,55,54
AP-5303918344,0,174
AP-5304464438,113,448
AP-5304477398,99,97
AP-5304486359,34,365
AP-5304506471,67,217
AP-5304506516,46,66
AP-5304513033,15,0
AP-5304516871,0,0
AP-622058,0,0
AP-6323EL2001B,6,4
AP-6501KW2002A,8,65
AP-6600JB1010A,61,387
AP-6602-001655,251,720
AP-661570V,184,492
AP-6750C-0005P,373,450
AP-691366,254,402
AP-80040,275,639
AP-8066184,320,132
AP-807117001,0,0
AP-809006501,30,137
AP-8181651,319,249
AP-8181846,39,37
AP-8194001,110,68
AP-8212560,4,94
AP-8269144A,37,36
AP-8269145,50,20
AP-8318084,0,93
AP-850024,33,170
AP-8540024,41,44
AP-8541503,46,22
AP-8544771,105,72
AP-8547174,83,201
AP-8559751,111,237
AP-8577274,498,157
AP-97006931,0,0
AP-97012248,25,48
AP-ADQ56656401,317,210
AP-D7824706Q,207,411
AP-DA31-00146E,35,119
AP-DA32-00006W,58,73
AP-DC31-00054A,50,99
AP-DC32-00007A,45,63
AP-DC47-00019A,103,50
AP-DC61-01521A,0,0
AP-DC61-02610A,8,0
AP-DC66-00777A,26,87
AP-DC93-00634A,267,121
AP-DC97-07509B,207,141
AP-DC97-16742A,98,127
AP-DC97-16782A,49,146
AP-DD31-00005A,15,127
AP-DD62-00084A,186,47
AP-DE64-00760A,0,48
AP-DG31-00005A,175,226
AP-EBF49827801,13,140
AP-K45B,65,86
AP-K45DH,362,309
AP-K45WW,100,60
AP-K5AB,32,113
AP-K5AWW,40,87
AP-MJX41178908,4,2
AP-W10083957V,32,88
AP-W10111905,25,104
AP-W10112253,103,20
AP-W10120998,33,157
AP-W10181986,342,95
AP-W10195416,1111,1022
AP-W10195417,683,1267
AP-W10217134,29,76
AP-W10225581,103,244
AP-W10258275,32,315
AP-W10269458,207,176
AP-W10339442,42,223
AP-W10350375,124,252
AP-W10350376,112,54
AP-W10366605,63,87
AP-W10404050,51,110
AP-W10435302,70,86
AP-W10447783,120,25
AP-W10490648,72,49
AP-W10518394,199,160
AP-W10518394-NUT,1,0
AP-W10542314,144,369
AP-W10547292,254,61
AP-W10594481,623,164
AP-W10613606,208,160
AP-W10619951,0,48
AP-W10685193,116,289
AP-W10712394,219,16
AP-W10712395,160,259
AP-W10721967,51,78
AP-W10780048,91,279
AP-W10820048,128,63
AP-W10837240,218,285
AP-W10861225,83,278
AP-W10869845,60,16
AP-W10913953,0,0
AP-WB03T10325,90,105
AP-WB03X32194,13,108
AP-WB13K10014,315,405
AP-WB15X10020,16,102
AP-WB15X335,301,149
AP-WB17T10006,54,107
AP-WB26X10038,296,487
AP-WD35X21038,106,57
AP-WD8X227,311,224
AP-WD8X228,456,232
AP-WE01X20378,10,154
AP-WE18X26,0,0
AP-WE1M1067,493,947
AP-WE1M504,371,517
AP-WE3M26,200,96
AP-WH01X10462,129,92
AP-WH13X10024,36,42
AP-WH1X2727,33,161
AP-WP10442411,209,668
AP-WP21352320,33,102
AP-WP2315539,45,102
AP-WP33001003,71,369
AP-WP33001808,66,138
AP-WP33002970,0,0
AP-WP3363892,196,200
AP-WP3390719,47,65
AP-WP35-6465,123,266
AP-WP37001142,82,284
AP-WP37001287,60,135
AP-WP40111201,48,406
AP-WP4391960,47,129
AP-WP53-0918,63,95
AP-WP6-3037050,219,26
AP-WP6-3700340,50,50
AP-WP694089,237,24
AP-WP7733P410-60,130,449
AP-WP8182634,171,80
AP-WP8268383,130,274
AP-WP8268655,48,89
AP-WP8268743,84,152
AP-WP8273103,0,107
AP-WP9758079,106,329
AP-WP9759242,162,26
AP-WPW10006355,41,83
AP-WPW10006384,154,1544
AP-WPW10082853,38,199
AP-WPW10131825,59,105
AP-WPW10158389,211,48
AP-WPW10189703,54,78
AP-WPW10195839,333,294
AP-WPW10195840,233,171
AP-WPW10250160,76,190
AP-WPW10276397,8,55
AP-WPW10314173,446,562
AP-WPW10321304,293,84
AP-WPW10503278,72,73
AP-WPW10509257,33,112
AP-WPW10546503,49,322
AP-WR12X22148,27,228
AP-WR17X11653,83,40
AP-WR17X11705,125,284
AP-WR30X10093,49,326
AP-WR49X10173,144,239
AP-WR50X10068,48,3
AP-WR51X10055,32,13
AP-WR55X10025,35,82
AP-WR57X10032,59,34
AP-WR60X10074,118,66
AP-WR60X10141,97,57
AP-WR60X10185,14,45
AP-Y303836,18,135
AZ16-1,3,0
BA-19153333,51,0
BA-1K1819015,0,0
BA-4885475AC,27,0
BA-4886150AA,6,0
BA-5096255AA,0,0
BA-72240FA000,7,0
BA-79310-SNA-A01,3,0
BA-79310-SR3-A01,15,0
BA-87103-02070,0,0
BA-87103-04040,24,0
BA-87103-47020,29,0
BA-89018521,6,0
BATT-TOOLS,278,36
BBQ-00015,90,153
BBQ-00745,137,451
BBQ-020002110,126,189
BBQ-03335,358,125
BBQ-05593,239,400
BBQ-09425,290,312
BBQ-10342-245,203,83
BBQ-10801,144,133
BBQ-119-2700-0,222,705
BBQ-13361,58,141
BBQ-14761,225,212
BBQ-14841,78,59
BBQ-15491,159,443
BBQ-15591,137,159
BBQ-15601,87,258
BBQ-15721A,248,176
BBQ-16231,51,144
BBQ-16431,71,47
BBQ-16781,354,604
BBQ-16783,93,29
BBQ-18629,364,561
BBQ-19511,76,451
BBQ-19521,228,423
BBQ-202150009,354,697
BBQ-22551,278,671
BBQ-23301,104,226
BBQ-2607,200,191
BBQ-26301,97,436
BBQ-30500004,77,116
BBQ-52932,13,453
BBQ-54453,4,118
BBQ-61192,104,93
BBQ-64103,130,189
BBQ-65051,67,296
BBQ-65570,48,20
BBQ-66123,191,265
BBQ-66662,32,0
BBQ-67233,139,402
BBQ-69785,179,300
BBQ-69991,197,300
BBQ-7106,0,0
BBQ-7108,162,348
BBQ-7109,192,216
BBQ-7130,49,337
BBQ-7131,104,323
BBQ-7139,129,230
BBQ-7502,189,195
BBQ-7508,220,398
BBQ-7510,112,244
BBQ-7521,216,205
BBQ-7527,47,17
BBQ-7528,174,248
BBQ-7535,398,340
BBQ-7540,92,139
BBQ-7552,156,97
BBQ-7553,158,145
BBQ-7620,257,604
BBQ-7622,242,816
BBQ-7627,165,202
BBQ-7635,133,10
BBQ-7636,369,402
BBQ-80005641,132,268
BBQ-80005665,215,202
BBQ-80008076,158,156
BBQ-81271400,198,278
BBQ-91360,386,544
BBQ-91591,163,189
BBQ-92131,272,700
BBQ-92151,341,556
BBQ-92311,83,234
BBQ-92571,101,120
BBQ-93041,109,713
BBQ-93321,102,192
BBQ-93501,364,587
BBQ-94631,75,437
BBQ-94751,181,312
BBQ-95051,7,137
BBQ-95181,67,134
BBQ-96781,39,55
BBQ-97311,294,784
BBQ-97371,76,30
BBQ-97451,160,243
BBQ-97501,270,498
BBQ-98401,192,311
BBQ-99281,178,160
BBQ-99351,45,84
BBQ-BAC374,150,299
BBQ-BAC379,204,181
BBQ-BAC380,151,429
BBQ-G4300005W1,73,419
BBQ-G6140095W1A,117,315
BBQ-GGPL-2100,37,17
BD-12V-NICD-13,106,270
BD-14V-NICD-20,202,177
BD-18V-NICD-15,83,94
BD-18V-NIMH-30,0,0
BD-3V-NICD-13,136,198
BF-UV-5R-12,0,0
BF-UV-5R-28,23,0
BLM5,6,33
BLM5-CH,30,33
BLN1-CH,3,0
BLN1-CODE,0,0
BLS1,7,49
BLS1-CH,22,57
BLS5,24,25
BLS5-CH,29,50
BN-V114-ZZ,0,0
BO-12A-NICD-13,0,0
BO-12V-NICD-13,27,88
BO-12V-NICD-ORPH,0,0
BO-14V-NICD-13,87,59
BO-14V-NIMH-33,0,4
BO-18V-LION-15,0,0
BO-18V-NICD-13,58,115
BO-18V-NIMH-33,3,26
BO-24V-NICD-13,61,41
BO-24V-NICD-ORPH,0,0
BO-LION-USB-CH,20,0
BO-NI-CH,0,0
BOSE-QC3,22,1
BP-110,40,29
BP-110-CH,5,38
BP-2L24H,42,65
BP-315-CH-ZZ,0,0
BP-38,42,191
BP-422-CH-ZZ,0,0
BP-511,24,28
BP-511-CH,2,25
BP-727,18,11
BP-727-CH,27,10
BP-808,142,45
BP-809,57,30
BP-819,40,30
BP-819-CH,74,34
BP-827,0,19
BP-970G,26,31
BP-970G-CH,39,11
BR-031014-104,69,398
BR-103KCP,44,1
BR-118530-101,49,0
BR-14291600,23,34
BR-148381-090,65,364
BR-407KKU641,75,88
BR-408KKU641,0,89
BR-427KKU450,13,50
BR-BL5000-11,111,162
BR-MGB-16OZ,21,8
BR-MGB-FLBLD,8,0
BR-MGB-FPTP,16,53
BR-MGB-LID,0,2
BR-MGB-XBLD,16,22
BR-NB-18OZ,58,0
BR-NB-24OZ,95,17
BR-NB-32OZ,59,0
BR-NB-FLTP,99,51
BR-NB-FPTP,326,49
BR-NB-XBLD,79,1
BR-NN6FIN,271,114
BR-NN7FIN,773,202
BR-SPB-456-2B,26,30
BR-WP9704230,648,51
BR-XWP002CS,16,3
BT-1007,117,50
BT-1008,136,40
BT-17333,254,34
BT-175242,49,23
BT-183342,380,2110
BT-446,83,63
BT-62Q,14,54
BT-904,170,44
BT-905,23,14
BT-909,0,42
CALLAWAY-UPRO,31,15
CAP-27L522,56,82
CAP-27L651,78,62
CAP-97F5705,7,38
CAP-97F9001,29,31
CAP-97F9002,134,78
CAP-97F9003,50,81
CAP-97F9803,53,79
CAP-97F9833,13,52
CAP-97F9834,14,96
CAP-97F9838,215,213
CAP-97F9839,40,176
CAP-97F9848,226,304
CAP-97F9849,12,63
CAP-97F9851,195,533
CAP-97F9895,22,64
CAP-97F9897,21,20
CAP-97F9898,115,30
CAP-97F9970,4,60
CAP-97F9971,53,93
CAR-PLUG,87,276
CAS-NP-90-CH,0,0
CB-USB6-ZZ,0,0
CF-1029330-1,94,106
CF-1029331-2,40,41
CF-36850-2,73,682
CF-C002,0,0
CF-CLARIS,0,0
CF-CLEARYL-BLU,0,0
CF-CLEARYL-WHT,0,0
CGA-D54,27,24
CGA-D54-CH,15,13
CGA-S006A,19,15
CGA-S006A-CH,13,10
CGA-S007A,55,0
CGA-S007A-CH,10,15
CK-131873500,103,141
CK-134011703,0,0
CK-8181859,12,19
CK-EBZ37189609,35,58
CK-EBZ37189611,16,196
CK-WB03K10265,348,1140
CK-WB03K10303,182,239
CK-WB03T10282,0,0
CK-WB03T10284,88,72
CK-WE1M652,44,50
CK-WE1M654,19,31
CK-WE1M964,31,12
CM-TR103,24,8
COBRA-FA-BP,166,7
CPF-F30PK2,370,211
CR-19V-NIMH-30,74,12
CR-V3,21,236
CR-V3-CH,6,49
CSC-140SDEA041,119,521
CSC-140SDEA074,142,253
CSC-160SDEA041,198,319
CSC-160SDEA074,735,1053
CSC-180SDEA041,193,841
CSC-200PXBK041,56,93
CSC-203SFGD025,206,372
CSC-240RNDD176,103,231
CSC-D60,118,344
CSC-D70,478,5694
CSC-D72,598,2488
CSC-H72,197,732
CSC-H78,102,1239
CSC-L67,0,723
CSC-L68,190,466
CSC-L74,513,786
CSC-L81,633,630
CSC-R34,116,207
CSC-R40,509,1244
CSC-R44,147,623
CSC-R45,846,1072
CSC-R52,98,915
CSC-R55,8514,2346
CSC-R56,726,2064
CSC-S33,311,1424
CSC-S39,8,18
CSC-S40,125,449
CSC-S45,148,1017
CSC-S49,119,664
CSC-S50,230,764
CSC-S52,411,1520
CSC-S55,697,93
CSC-S56,799,1212
CSC-S57,142,501
CSC-S60,245,380
CSC-S62,317,2534
CSC-S63,195,458
DB-PHANTOM-2,0,100
DB-PHANTOM-3,31,19
DE-10V-LION-15,12,1
DE-12V-NICD-13,4,38
DE-12V-NICD-20,60,21
DE-12V-NIMH-33,24,28
DE-14V-NICD-13,31,90
DE-14V-NICD-20,39,35
DE-14V-NIMH-33,9,3
DE-18V-NICD-13,279,184
DE-18V-NIMH-33,4,0
DE-20V-LION-15,28,39
DE-24V-NICD-20,0,0
DE-24V-NIMH-33,49,66
DE-9V-NICD-13,29,68
DE-9V-NIMH-33,0,0
DE-LION-USB-CH,38,0
DE-NI-CH,0,0
D-LI50,27,56
D-LI50-CH,22,27
D-LI90,0,0
DMW-BCF10,8,16
DMW-BCF10-CH,23,11
DMW-BCG10,40,40
DMW-BCG10-CH,18,18
DMW-BCH7E,0,0
DMW-BCH7E-CH,0,0
DMW-BCJ13-CH,11,0
DMW-BCJ13-CODE,7,0
DMW-BCK7,66,22
DMW-BCK7-CH,12,9
DMW-BCM13,0,0
DMW-BCM13-CH,1,0
DMW-BCN10,0,0
DMW-BCN10-CH,0,0
DMW-BLB13,0,0
DMW-BLB13-CH,0,0
DMW-BLC12,0,0
DMW-BLC12-CH,5,8
DMW-BLD10,8,11
DMW-BLD10-CH,18,1
DMW-BLE9,6,0
DMW-BLE9-CH,18,0
DMW-BLF19,0,0
DMW-BLF19-CH,36,0
DMW-BLH7,0,0
DMW-BLH7-CH,0,0
DMW-BMB9,6,37
DMW-BMB9-CH,22,27
DR-10V-LION-25,100,0
DR-4V-NIMH-15,697,83
DR-7V-NIMH-15,22,122
DT-134587700,141,191
DT-279769,314,104
DT-279816,260,63
DT-279973,311,71
DT-3387134,45,152
DT-3392519,224,827
DT-6931EL3003C,42,175
DT-6931EL3003D,88,163
DT-BP12RT,14,25
DT-BP20R,19,58
DT-DC47-00016A,230,472
DT-DC47-00018A,200,333
DT-DC96-00887A,130,251
DT-LA-1053,197,171
DY-DC16-1500,99,50
DY-DC35,26,28
EN-EL10,272,336
EN-EL10-CH,87,103
EN-EL11,17,29
EN-EL11-CH,12,20
EN-EL12,28,20
EN-EL12-CH,14,4
EN-EL14,7,0
EN-EL14-CH,3,0
EN-EL15,2,0
EN-EL15-CH,24,0
EN-EL19,289,101
EN-EL19-CH,11,10
EN-EL20,19,0
EN-EL20-CH,16,0
EN-EL21,0,0
EN-EL21-CH,5,0
EN-EL23,0,0
EN-EL23-CH,0,0
EN-EL3E,0,0
EN-EL3E-CH,0,2
EN-EL5,77,40
EN-EL5-CH,8,9
EN-EL9,25,43
EN-EL9-CH,20,7
EOS-PAN-AD-ZZ,0,0
EP-7506,0,0
EP-G35,146,0
EP-H800,130,0
EP-HD650,142,0
EP-M50X,0,0
EP-RF970,0,0
EP-RS160,130,0
ER-6V-NIMH-25,37,94
EU-ADAPTER,331,510
F1-F2-ADAPTER,13945,7494
F2-F1-ADAPTER,0,100
FA-EAF1CB,90,318
FA-LT120F,843,202
FA-PAULTRA,191,1289
FA-W10311524,821,1348
FLUKE-744,75,253
FLUKE-BP190,4,0
FUJ-NP-40,135,92
FUJ-NP-40-CH,60,195
FUJ-NP-50,246,304
FUJ-NP-50-CH,22,13
FUJ-NP-60,306,255
FUJ-NP-60-CH,116,185
FUJ-NP-70,228,20
FUJ-NP-70-CH,24,33
FUJ-NP-85,3,49
FUJ-NP-85-CH,16,24
FUJ-NP-95,0,0
FUJ-NP-95-CH,6,0
FUJ-NP-W126,0,0
FUJ-NP-W126-CH,7,0
GA-GPSMAP,22,63
GAMMABAT,34,0
GAMMACH,0,0
GA-NUVI-1400,118,72
GA-NUVI-200,83,121
GA-NUVI-600,0,2
GA-NUVI-850,0,0
GEB121,0,49
GEB221,13,38
GN-9120,14,6
GO-PRO,13,2
GO-PRO-CH,52,0
HA-BA-200-FLT,98,139
HA-BN-911D-FLT,200,798
HA-EM-HDC12-FLT,446,640
HA-GC-2H00-FLT,250,370
HA-HAC504-FLT,55,917
HA-HRF-APP1-PREFLT,469,552
HA-HT-30930-FLT,608,490
HA-HWF100-FLT,547,754
HA-HWF62-FLT,196,504
HA-HWF64-FLT,244,690
HA-HWF65-FLT,244,683
HA-HWF75-FLT,3001,2464
HA-LK-THF8-FLT,350,373
HA-MAF1-FLT,276,182
HA-MD1-0002-FLT,456,843
HA-WF2-FLT,2741,3622
HDMI-10M,0,0
HDMI-5M-ZZ,0,0
HE-316075104,385,1012
HE-316439801,222,321
HE-316442300,119,46
HE-316442301,191,189
HE-318372210,18,0
HE-5303051519,311,291
HE-660532,76,91
HE-9761345,85,400
HE-WB30M1,61,63
HE-WB30M2,244,41
HE-WB44K10005,206,615
HE-WB44T10010,87,193
HE-WB44T10011,114,109
HE-WB44X5082,74,88
HE-WP74010750,42,242
HE-WP7406P428-60,26,28
HHR-P103,22,146
HHR-P104,313,58
HHR-P105,199,13
HHR-P107,87,206
HHR-P513,112,34
HI-12B-NICD-13,88,54
HI-12B-NIMH-33,3,0
HV-BH50000,8,40
HW-10112-STS,16,0
HW-14112-HLBS,19,0
HW-1420-TNUT,0,0
HW-612-THPWS,10,0
HW-8112-FHPWS,13,0
HW-8114-SDS,11,0
HW-81-FHPWS,1,0
HW-832134-PHPMS,2,0
IA-BP420E,3,3
IA-BP420E-CH,364,0
ICOM-BP200,85,58
ICOM-BP200-CLIP,461,59
ICOM-BP210,98,54
ICOM-BP210-CH,24,39
ICOM-BP210-CLIP,1142,177
ICOM-BP210-NICD,73,29
ICOM-BP227,51,32
ICOM-BP232N,76,73
INFANT-02090,7,0
IPOD-3G,221,23
IPOD-VID-30GB,81,27
IPOD-VID-60GB,14,58
KINDLE-2,78,0
KINDLE-3,0,0
KLIC-7003-CH-ZZ,0,0
KLIC-8000,63,104
KLIC-8000-CH,38,55
KNB-15,29,60
KNB-15-CH,10,15
KNB-15H,25,28
KNB-15-NICD,3,69
KNB-17A,31,91
KNB-17A-CH,20,10
KNB-25A,0,0
KNB-29N,34,78
KNB-29N-CH,1,33
KNB-35L,67,16
KWS0525-ZZ,0,0
LB-DL-13R,0,0
LB-DL-1525,3,0
LB-DL-E54,15,0
LB-DL-E61,3,0
LB-DL-E64,9,0
LB-HP-4330,1,0
LB-HP-G32,0,0
LB-HP-G50,12,0
LB-LV-E40,0,1
LB-PA-3534U-1,0,0
LB-PA3817U-1BRS,2,0
LI-50B,32,43
LI-50B-CH,29,18
LI-70B,64,36
LI-70B-CH,15,0
LI-90B,0,0
LI-90B-CH,4,0
L-LL11,26,29
L-LU18,252,117
L-LY11,18,0
LM-03551000,0,115
LM-041-1650-00,41,45
LM-06900406,106,36
LM-104-8676,0,100
LM-104-8677,78,96
LM-105-1844,65,101
LM-105-1845,140,104
LM-11013-0727,103,86
LM-11013-0752,3,39
LM-11013-7019,95,51
LM-11013-7020,180,133
LM-11013-7027,28,77
LM-11013-7044,93,50
LM-11013-7046,118,279
LM-110-6892,108,39
LM-115-4669,376,174
LM-115-5682,60,19
LM-117-7267,73,96
LM-117-9145,77,42
LM-119-8819,52,54
LM-119-8820,57,139
LM-121-5765,269,168
LM-125-527,89,63
LM-125907X,53,182
LM-130801,54,38
LM-130801-NEW,85,130
LM-130969,12,276
LM-140218,27,90
LM-140294,111,128
LM-140301,0,5
LM-1408301-S1,35,209
LM-1408315-S,5,62
LM-144959,177,307
LM-146527,75,120
LM-148763,4,38
LM-1501122MA,0,49
LM-1501123MA,30,327
LM-15600-735-003,2,1
LM-161597,36,35
LM-16562-ZM0-000,1,1
LM-17210-ZE1,254,111
LM-17210-ZE3,79,52
LM-17211-ZL8,59,95
LM-174368,95,4
LM-17510-ZE1-020ZA,73,0
LM-180808,34,36
LM-181468,55,236
LM-188-12-1,114,323
LM-188-513,28,90
LM-193214,10,135
LM-196103,110,175
LM-197242,0,138
LM-197253,117,124
LM-21546607,48,150
LM-231855S,36,102
LM-2508301-S,123,1302
LM-2508304-S,59,441
LM-272403S,122,52
LM-272490S,0,0
LM-273638S,262,54
LM-298090S,100,139
LM-3288303-S1,75,128
LM-397974,0,21
LM-398188,29,141
LM-429636,158,106
LM-491056,44,238
LM-491588S,0,68
LM-493537S,121,16
LM-494406,32,1
LM-494559,2,3
LM-494768,108,73
LM-496894S,60,110
LM-498260,17,0
LM-499059,26,0
LM-499486S,0,2
LM-502541603,1,0
LM-502844401,19,27
LM-503220001,34,214
LM-503443201,20,0
LM-503911802,33,185
LM-530047061,57,5
LM-530047721,71,1118
LM-530071987,50,0
LM-530150253,0,0
LM-532130794,57,83
LM-532143651,45,38
LM-532160395,2,0
LM-532168552,82,105
LM-532173436,58,5
LM-532175067,30,52
LM-532176556,85,459
LM-532179114,33,2
LM-532183281,51,26
LM-532183567,9,27
LM-532187292,71,86
LM-532194327,51,66
LM-532194653,0,344
LM-532195945,27,23
LM-532196106,69,83
LM-532415350,1,9
LM-532427497,18,56
LM-532431649,16,0
LM-532431650,1,7
LM-532435110,1,1
LM-532435111,19,108
LM-532440934,1,3
LM-537110503,56,0
LM-539110411,172,62
LM-539114557,60,90
LM-539117245,96,96
LM-544047001,58,60
LM-545072601,31,62
LM-574845603,16,0
LM-581952101,55,32
LM-582991501,54,79
LM-588479201,69,108
LM-593260,599,1465
LM-594201,16,109
LM-617-04024A,41,65
LM-632019,1,1
LM-632107A,33,0
LM-632230,21,0
LM-632334A,44,0
LM-632615,19,29
LM-63-2700,124,41
LM-632795A,89,73
LM-640025C,4,0
LM-640152A,50,9
LM-640260B,14,0
LM-640350,113,102
LM-690409MA,39,18
LM-691035,163,584
LM-691859,92,23
LM-694394,145,267
LM-694395,1,14
LM-698369,324,50
LM-7012354,72,61
LM-7022252,0,145
LM-717-0906,5,0
LM-725-0201,20,76
LM-736-0524B,4,5
LM-738-0919A,71,86
LM-746-0897,65,31
LM-746-0957,39,44
LM-746-0970,29,158
LM-748-0377E,7,33
LM-753-04119,73,488
LM-753-06304,97,168
LM-753-08171,176,79
LM-754-0241A,0,0
LM-754-0280,74,0
LM-754-0349,47,39
LM-754-04032,38,0
LM-754-04033,118,194
LM-754-04044,64,78
LM-754-04045,94,210
LM-754-04062,25,188
LM-754-04077,4,87
LM-754-04118,88,7
LM-754-04122,153,58
LM-754-04153,65,24
LM-754-04207,151,112
LM-754-04219,13,150
LM-754-04240,8,7
LM-754-3055A,0,4
LM-791-153066B,310,581
LM-792105,99,63
LM-795066,295,96
LM-799579,120,50
LM-799868,55,35
LM-799871,85,0
LM-91-2258,206,231
LM-918-0241B,0,0
LM-918-04426,43,53
LM-925-0267,23,80
LM-935-04054A,54,63
LM-946-04173E,91,140
LM-946-04229B,47,83
LM-946-04230B,196,3
LM-946-04353A,0,0
LM-946-04618C,1,50
LM-946-04661A,13,67
LM-946-1113,61,59
LM-946-1130,8,8
LM-946-1132,28,39
LM-954-04001,185,26
LM-954-04060B,76,320
LM-954-04208A,25,190
LM-954-04249,84,194
LM-954-04260,225,407
LM-954-04282,157,40
LM-954-0434,82,167
LM-954-0461,76,26
LM-954-0467,1,9
LM-954-0468,0,2
LM-954-0497,2,5
LM-954-05040,56,193
LM-954-05087A,0,245
LM-954-0637A,12,67
LM-954-0642,38,117
LM-954-3073,83,201
LM-AM107423,203,319
LM-AM116304,34,78
LM-DA98866A,44,163
LM-GX20006,159,168
LM-GX20072,254,130
LM-GX20305,0,5
LM-GX21833,210,52
LM-GY20067,0,0
LM-GY21106,49,80
LM-M124895,147,67
LM-M126536,28,0
LM-M143019,68,139
LM-M144044,101,25
LM-M154621,36,20
LM-M154897,39,244
LP-12V-NICD-13,241,275
LP-12V-NIMH-33,48,0
LP-14V-NICD-20,244,963
LP-14V-NIMH-33,11,4
LP-E10,101,77
LP-E10-CH,21,1
LP-E12,25,9
LP-E12-CH,24,7
LP-E5,28,15
LP-E5-CH,11,28
LP-E6,1,0
LP-E6-CH,0,0
LP-E8,28,23
LP-E8-CH,11,0
MB124G-BLUE,3,1
MB124G-GREEN,3,1
MB124G-RED,8,1
MB224E-BLUE,10,1
MB224E-GREEN,7,1
MB224E-RED,12,1
MB-BATT-48V20AH,19,10
MB-BATT-CH,19,10
MB-CHAIN-420H-50L,58,10
MB-CHAIN-RS35-50L,32,10
MB-CHAIN-RS35-86L,32,10
MB-DS-BLACK-L,11,5
MB-DS-BLACK-M,14,5
MB-DS-BLACK-S,15,5
MB-DS-BLUE-L,7,5
MB-DS-BLUE-M,12,5
MB-DS-BLUE-S,14,5
MB-DS-RED-L,6,5
MB-DS-RED-M,13,5
MB-DS-RED-S,14,5
MB-GG-BLUE,38,10
MB-GG-GREEN,38,10
MB-GG-RED,37,10
MB-GL-BLUE-L,0,0
MB-GL-BLUE-M,38,10
MB-GL-BLUE-S,0,0
MB-GL-GREEN-L,0,0
MB-GL-GREEN-M,39,10
MB-GL-GREEN-S,0,0
MB-GL-RED-L,0,0
MB-GL-RED-M,38,10
MB-GL-RED-S,0,0
MBH001-BLUE-L,9,5
MBH001-BLUE-M,10,5
MBH001-BLUE-S,11,5
MBH001-GREEN-L,10,5
MBH001-GREEN-M,11,5
MBH001-GREEN-S,10,5
MBH001-RED-L,9,5
MBH001-RED-M,12,5
MBH001-RED-S,11,5
MBHMC001,77,20
MB-RATCHET,80,20
MB-RATCHET-XTND,34,10
MB-STL-PLATES,34,10
MDR-DS3000,80,39
MDR-RF4000,83,69
MINT-4200,0,0
MK-10V-LION-15,46,59
MK-12V-NICD-13,217,98
MK-12V-NIMH-33,10,3
MK-14V-NICD-13,96,46
MK-14V-NIMH-33,32,31
MK-18V-LION-15,74,95
MK-18V-LION-30,12,0
MK-18V-NIMH-33,8,5
MK-7V-NICD-13,111,82
MK-7V-NIMH-21,53,37
MK-9V-NICD-13,69,44
MK-9V-NICD-STK,82,107
MK-9V-NIMH-33,20,0
MK-LION-USB-CH,10,5
MK-NI-CH,2,3
ML-BATT5R,74,208
ML-BATT6R,3,51
MOUSEPAD,0,0
MP-1B71961,145,76
MP-203500,9,102
MP-203600,254,90
MP-3390W1A035,79,112
MP-3517203600,99,57
MP-5304464116,32,70
MP-A06014T00AP,0,0
MP-B06014W00AP,149,221
MP-DE74-20002,41,66
MP-DE74-20015,73,111
MP-DE74-20102,39,56
MP-F06014T00AP,37,76
MP-NTNT-A034WRE,52,63
MP-NTNT-A108,42,63
MP-P23,215,2
MP-P34,38,120
MP-WB39X10032,4,51
MP-WB49X10063,24,54
MP-WB49X10135,0,8
MP-WP8172138,68,60
MT-HKNN4002,30,54
MT-HNN8148,16,68
MT-HNN9008,1,122
MT-HNN9008-CH,21,20
MT-HNN9008-CLIP,614,122
MT-HNN9013,3,0
MT-HNN9013-CLIP,3,0
MT-HNN9044A,99,44
MT-HNN9049-CLIP,7,64
MT-HNN9049-NICD,6,64
MT-HNN9628,9,15
MT-HNN9628-CH,36,53
MT-HNN9628-CLIP,317,174
MT-HNN9628-NICD,14,29
MT-MBP33,43,24
MT-MINITOR-V,265,521
MT-NNTN4851,0,31
MT-NNTN4851-CH,17,48
MT-NNTN4851-CLIP,595,110
MT-NNTN4851-NICD,79,128
MT-NTN7144,100,81
MT-NTN7144-CLIP,266,84
MT-NTN7144-NICD,21,13
MT-NTN7394,40,50
MT-PMNN4066,121,23
MT-PMNN4066-CLIP,233,23
MULTI-USB,608,0
MW-12V-LION-15,189,20
MW-12V-NIMH-33,0,0
MW-18V-LION-15,0,1
MW-18V-LION-30,0,0
MW-18V-NICD-13,9,54
MW-18V-NICD-20,0,0
MW-18V-NIMH-33,0,4
MW-LION-USB-CH,50,0
NB-10L,24,43
NB-10L-CH,20,4
NB-11L,86,9
NB-11L-CH,28,33
NB-12L,0,0
NB-12L-CH,0,0
NB-13L,5,0
NB-13L-CH,15,7
NB-1LH,0,0
NB-2LH,87,191
NB-2LH-CH,63,58
NB-3L-CH-ZZ,0,0
NB-4L,449,114
NB-4L-CH,2,35
NB-5L,135,26
NB-5L-CH,23,9
NB-6L,6,33
NB-6L-CH,13,30
NB-7L,6,44
NB-7L-CH,32,0
NB-9L,1,0
NB-9L-CH,0,0
NP-550,196,59
NP-BD1,84,49
NP-BD1-CH,41,8
NP-BG1,62,16
NP-BG1-CH,30,0
NP-BN1,50,154
NP-BN1-CH,18,25
NP-BX1,38,17
NP-BX1-CH,17,0
NP-F970,24,4
NP-FE1-ZZ,0,0
NP-FM50-CH,57,76
NP-FP90-CH,29,13
NP-FV100,9,0
NP-FV50,76,71
NP-FW50,0,42
NP-FW50-CH,42,25
NP-FZ100,42,0
NP-FZ100-CH,33,0
NT-XV-11,107,2
OEM-ADQ56656401,0,0
OEM-DA32-00006S,0,1
OEM-DA97-07365G,0,0
OEM-DC66-00470A,0,0
OEM-DC97-07509B,0,0
OEM-DC97-15491A,0,0
OEM-ULTRAWF,0,0
OEM-WP33001003,0,0
OEM-WPW10717210,0,0
PA3469U-ZZ,0,0
PB-CL005,0,0
PB-PT18,0,0
PB-T22-BLUE,1,0
PB-T88-BLUE,0,0
PC-20V-LION-40,12,10
PCGA-AC16V6-ZZ,0,0
PF-13067,42,0
PF-13070,0,0
PF-13906,7,0
PF-15271,0,0
PF-16152,1096,1605
PF-CATIT,1208,995
PF-CMDM,1907,600
PF-PP3004,516,0
PF-REPL,0,0
PI-2659B001AA,37,0
PI-2660B001AA,49,0
PI-2661B001AA,38,0
PI-2662B001AA,5,0
PI-CLI-221-BK,61,0
PI-CLI-221-C,1,0
PI-CLI-221-GY,33,0
PI-CLI-221-M,5,0
PI-CLI-221-Y,58,0
PI-CLI-226-BK,0,0
PI-CLI-226-C,28,0
PI-CLI-226-GY,2,0
PI-CLI-226-M,2,0
PI-CLI-226-Y,14,0
PI-CLI-251BKXL,27,0
PI-CLI-251CXL,7,0
PI-CLI-251GYXL,8,0
PI-CLI-251MXL,158,0
PI-CLI-251YXL,239,0
PI-CLI-271XL-BK,11,0
PI-CLI-271XL-C,5,0
PI-CLI-271XL-GY,3,0
PI-CLI-271XL-M,24,0
PI-CLI-271XL-Y,44,0
PI-CLI-8BK,15,0
PI-CLI-8C,18,0
PI-CLI-8G,59,0
PI-CLI-8M,22,0
PI-CLI-8PC,12,0
PI-CLI-8PM,5,0
PI-CLI-8R,48,0
PI-CLI-8Y,5,0
PI-LC103BK,5,0
PI-LC103C,36,0
PI-LC103M,41,0
PI-LC103Y,9,0
PI-LC105C,20,0
PI-LC105M,16,0
PI-LC105Y,24,0
PI-LC107BK,37,0
PI-LC51BK,6,0
PI-LC51C,2,0
PI-LC51M,8,0
PI-LC51Y,20,0
PI-LC61B,5,0
PI-LC61C,4,0
PI-LC61M,22,0
PI-LC61Y,1,0
PI-LC75BK,35,0
PI-LC75C,36,0
PI-LC75M,24,0
PI-LC75Y,23,0
PI-LC79BKXXL,37,0
PI-LC79CXXL,24,0
PI-LC79MXXL,17,0
PI-LC79YXXL,25,0
PI-PGI-1200XL-BK,8,0
PI-PGI-1200XL-C,22,0
PI-PGI-1200XL-M,0,0
PI-PGI-1200XL-Y,4,0
PI-PGI-220,53,0
PI-PGI-2200XL-BK,8,0
PI-PGI-2200XL-C,21,0
PI-PGI-2200XL-M,7,0
PI-PGI-2200XL-Y,21,0
PI-PGI-225,35,0
PI-PGI-250PGBKXL,0,0
PI-PGI-270XL,71,0
PI-T126120,66,0
PI-T126220,80,0
PI-T126320,84,0
PI-T126420,92,0
PI-T127120,43,0
PI-T127220,49,0
PI-T127320,60,0
PI-T127420,43,0
PI-T273XL020,2,0
PI-T273XL120,0,0
PI-T273XL220,46,0
PI-T273XL320,43,0
PI-T273XL420,71,0
PI-T676XL120,96,0
PI-T676XL220,94,0
PI-T676XL320,90,0
PI-T676XL420,97,0
PI-TN210BK,8,0
PI-TN210C,79,0
PI-TN210M,67,0
PI-TN210Y,48,0
PI-TN315BK,5,0
PI-TN315C,77,0
PI-TN315M,82,0
PI-TN315Y,78,0
PL-5JJ7L05001,91,0
PL-915B403001,18,2
PL-915B441001,0,4
PL-915B455011,27,0
PL-915P049010,1,2
PL-915P061010,31,1
PL-BP96-01472A,52,2
PL-BP96-01653A,0,0
PL-CS50,75,104
PL-POA-LMP132,98,3
PL-TS-CL110UAA,1,1
PL-VT85LP,78,0
PL-XL2400,30,1
PMD-BAT1,0,0
PN-12V-NIMH-35,43,53
PN-15V-NIMH-35,45,27
P-P511,19,21
PS-6V-NICD-13,160,71
PS-6V-NIMH-33,0,0
PSP-S110,269,108
RA-E25,87,73
RA-K2-EP,58,91
RA-M1-EP,38,49
RA-M1-SM,43,45
RA-M7-EP,54,98
RA-M9-EP,42,155
RA-M9-SMHV,80,17
RA-Y1-EP,67,48
RC-84504503B01,38,95
RC-AA59-00580A,233,54
RC-AA59-00600A,25,18
RC-AA59-00637A,275,87
RC-AA59-00666A,47,109
RC-AA59-00784A,87,36
RC-AA59-00784C,63,111
RC-AA59-00785A,60,46
RC-AGF76692608,167,108
RC-AH59-02631A,0,0
RC-AH59-02692E,282,66
RC-AH59-02733B,263,95
RC-AK59-00104R,363,102
RC-AK59-00149A,162,253
RC-AK59-00172A,299,65
RC-AKB72915206,247,97
RC-AKB72915239,11,60
RC-AKB73575401,35,0
RC-AKB73715608,86,139
RC-AKB73756542,416,85
RC-AKB73756567,267,184
RC-AKB73975711,248,134
RC-AKB74115501,68,89
RC-AKB74475401,200,65
RC-AKB74475433,249,96
RC-AKB74915305,2,606
RC-AKB75095307,248,156
RC-AKB75095330,342,189
RC-AKB75375604,62,103
RC-AWRCC1,33,12
RC-BN59-00857A,16,26
RC-BN59-00997A,7,3
RC-BN59-01041A,181,56
RC-BN59-01178W,58,19
RC-BN59-01179A,258,140
RC-BN59-01198X,80,40
RC-BN59-01199F,33,13
RC-BN59-01223A,1,3
RC-BN59-01259B,374,50
RC-BN59-01259E,334,59
RC-BN59-01267A,165,25
RC-BN59-01289A,162,87
RC-BN59-01301A,152,25
RC-BN59-01315A,139,28
RC-CT-8037,207,141
RC-CT-90275,103,67
RC-CT-90302,4,12
RC-CT90325,33,49
RC-EN2A27,15,0
RC-EN2A27S,288,89
RC-EN2A27ST,156,0
RC-EN33922A,0,0
RC-EN-33926A,119,120
RC-GA890WJSA,62,82
RC-GA935WJSA,367,61
RC-GB004WJSA,23,2
RC-GB005WJSA,236,72
RC-GJ221,0,3
RC-LC-RCRUS-18,120,37
RC-N2QAYB000485,20,724
RC-NH000UD,296,704
RC-NH409UD,343,78
RC-NSRC02A12,188,29
RC-NS-RC4NA-18,400,15
RC-NS-RCRUS-16,84,51
RC-NS-RCRUS-17,105,50
RC-RC057,178,95
RC-RC280,176,81
RC-RCR503BZ,45,248
RC-RMT17,48,27
RC-RMT-22,387,99
RC-RMT-24,152,7
RC-RMT-B119A,2,0
RC-RMT-B126A,11,0
RC-RMT-D197A,98,17
RC-RMT-TX100U,71,8
RC-RMT-TX102U,343,98
RC-RMT-VB100U,0,0
RC-RM-YD065,311,98
RC-RM-YD092,230,79
RC-RM-YD102,27,30
RC-RM-YD103,329,67
RC-VB100U,119,67
RC-VR1,85,14
RC-VR2,52,154
RC-VSB201,84,69
RC-XRS321C,0,0
RC-XRT112,74,274
RC-XRT122,601,191
RC-XRT132,45,20
RC-XRT500,26,96
R-IG7,308,248
RM-NI-CH,0,0
ROOMBA-4905,19,8
ROOMBA-500-20,35,28
ROOMBA-500-35,0,11
RY-12V-NICD-13,29,115
RY-12V-NICD-ORPH,0,0
RY-14V-NICD-13,251,332
RY-18V-NICD-13,118,75
RY-NI-CH,0,2
SCOOBA-5900,14,67
SC-RCJ6Y,0,0
SC-RCJ7Y,0,0
SD-DC-17,0,37
SF-PS-NICD-13,200,0
SF-WHR-140,27,8
SHARK-VK63,0,0
SIRIUS-SL100,0,0
SIRIUS-SL2,3,20
SKYGOLF-SG5,26,0
SLB-07A-CH,0,0
SLB-10A,113,157
SLB-11A,10,48
SLB-11A-CH,35,28
SL-BRUSH,17,0
SL-CAKE-MOLD,97,0
SL-HR-GLOVE,0,0
SL-HR-MAT,0,0
SL-SPATULA,0,0
SL-SPG-SPOON,0,0
SL-SPOON,0,0
SL-TONG,330,0
SL-WHISK,234,0
SM-11930,35,41
SM-125291,45,43
SM-173058,128,34
SM-174488,43,26
SM-240446,45,78
SM-240499,56,99
SM-412585,20,40
SM-412749,15,4
SM-421326,140,197
SM-423242-451,43,50
SM-5011-4,232,109
SM-541678,31,73
SM-60993,47,103
SM-62740,75,18
SM-9076,0,0
SM-979314-031,36,0
SM-P60444,46,111
SM-S32,195,0
SN-BA150,140,142
SN-BA300,104,100
SN-BA90,18,62
SP-CH7Y,563,188
SP-CJ8Y,239,373
SP-DJ7Y,39,0
SP-DJ8J,636,1131
SP-J19LM,94,393
SP-L82YC,700,1468
SP-L90C,0,0
SP-N11YC,407,400
SP-N9YC,477,196
SP-RC12YC,215,198
SP-RCJ6Y,35,191
SP-RCJ7Y,330,541
SP-RCJ8Y,247,534
SP-RJ19LM,162,728
SP-RL82C,263,2177
SP-RN12YC,34,16
SP-RN9YC,316,287
SS-7V-NIMH-15,16,77
SY-LS4278,50,56
SY-MC30,104,50
SY-MC50,0,0
SY-MC9000,65,90
SY-MC9000-ORPH,0,0
TOOLS-CH,0,0
TR-R8,59,10
TT-GO-720,0,3
TT-ONE-H,0,0
UB12100-S,753,1415
UB12120,1456,659
UB1213,83,368
UB12180,28,484
UB12220,23,817
UB1234,61,297
UB12350,363,284
UB12350-ADAPTER,0,0
UB1250,7,135
UB1270,528,789
UB1280,89,209
UB1290,232,459
UB6120,222,49
UB613,10,0
UB645,263,1490
UB-YIX30L-BS,983,271
UB-YT12B-BS,202,47
UB-YT4B-BS,507,1292
UB-YT7B-BS,197,443
UB-YTX12-BS,678,755
UB-YTX14AH-BS,89,356
UB-YTX14AHL-BS,79,270
UB-YTX14-BS,7021,2649
UB-YTX20CH-BS,247,46
UB-YTX20L-BS,159,79
UB-YTX24HL-BS,105,164
UB-YTX4L-BS,163,496
UB-YTX5L-BS,0,165
UB-YTX7A-BS,38,844
UB-YTX7L-BS,162,4
UB-YTX9-BS,294,1518
UB-YTZ10S-BS,562,399
UK-ADAPTER,73,0
UNI-CH,11,84
UNI-CH-USB,0,0
USB-CAR-PLUG,85,0
USB-READER,0,0
VP-BD-EVF100-FLT,155,140
VP-BD-PVF110-FLT,508,388
VP-BD-VF110-PREFLT,284,993
VP-BRSHCLNR,186,121
VP-BS-7-FLT,142,386
VP-BS-7-PREFLT,94,399
VP-BS-8-FLT,97,153
VP-BS-FW-FLT,46,368
VP-DD-F1-FLT,120,196
VP-DD-F25-FLT,562,453
VP-DD-F2-FLT,76,549
VP-DD-F44-FLT,204,611
VP-DD-F45-FLT,56,105
VP-DD-F4-FLT,388,781
VP-DD-F66-FLT,83,153
VP-DD-G-BAG,482,1456
VP-DD-U-BAG,193,118
VP-DY-965661-01,14,20
VP-DY-966741-01,44,2
VP-DY-967478-01,20,10
VP-DY-969082-01,60,28
VP-DY-970013-02,18,162
VP-DYDC05,0,0
VP-DYDC07,0,0
VP-DY-DC25-POST-FLT,82,154
VP-DY-DC25-PREFLT,184,298
VP-EL012B-FLT,582,1
VP-EL-C-BAG,516,106
VP-EL-S-BAG,0,100
VP-EU-AP-FLT,444,15
VP-EU-AS-BAG,234,260
VP-EU-CN4-BAG,0,469
VP-EU-DCF10-FLT,101,336
VP-EU-DCF11-FLT,485,78
VP-EU-DCF21-FLT,141,143
VP-EU-DCF4-FLT,312,136
VP-EU-EF6-FLT,643,146
VP-EU-FG-BAG,115,91
VP-EU-HF16-FLT,131,115
VP-EU-HF2-FLT,30,0
VP-EU-MM-BAG,334,442
VP-EU-RR-BAG,267,217
VP-HV-201-FLT,81,154
VP-HV-59134033-FLT,157,178
VP-HV-A-BAG,59,27
VP-HV-FM-FLT,205,515
VP-HV-LNX-FLT,97,270
VP-HV-Q-BAG,519,682
VP-HV-RWND-FLT,145,34
VP-HV-WT-PREFLT,98,194
VP-HV-Z-BAG,44,483
VP-KB-UNI-BAG,262,255
VP-KM-5055-BAG,85,373
VP-KM-50688-BAG,422,461
VP-KM-51195-BAG,206,1
VP-KM-CF1-FLT,687,1256
VP-KM-EF1-FLT,0,130
VP-KM-EF2-FLT,294,316
VP-ML-AH30-FLT,9,226
VP-ML-AH50-FLT,112,100
VP-ML-FJM-BAG,492,1059
VP-ML-GN-BAG,112,733
VP-ML-K-BAG,269,896
VP-MVA-KIT,104,151
VP-NT-BLD-7PK,19,0
VP-NT-BOTVAC-BSH,0,0
VP-NT-BOTVAC-FLT,0,0
VP-NTN-CV31-BAG,123,68
VP-NTXV11-FLT,268,174
VP-NTXV21-4FLT,14,14
VP-NTXV21-FLT,0,175
VP-OR-BB-BAG,344,731
VP-OR-CC-BAG,100,33
VP-OR-MNS-BAG,172,407
VP-PN-U-BAG,464,598
VP-PT-10Q-BAG,79,0
VP-RM400-BSH2,41,56
VP-RM400-FLT,12,1
VP-RM400-FLT-3PK,29,15
VP-RM500-BB,126,116
VP-RM500-FB,216,120
VP-RM500-FLT,54,18
VP-RM500-FLT-3PK,43,47
VP-RM550-FLT,63,100
VP-RM550-FLT-3PK,61,3
VP-RM700-BB,0,11
VP-RM700-FB,73,23
VP-RM700-FLT,91,0
VP-RM700-FLT-5PK,94,0
VP-RM800-BSH3,0,0
VP-RM800-EXT,0,0
VP-RM800-FLT,0,0
VP-RM-BSH3,5,105
VP-RM-BSH6,11,11
VP-RM-BSH6-5PK,67,0
VP-SH-NV22L-FLT,293,94
VP-SH-XHF350-FLT,104,60
VP-SV-90304-FLT,48,246
VP-SV-90398-FLT,33,344
VP-SV-90661-BAG,100,380
VW-VBK180,0,0
VW-VBK360,44,0
VW-VBK-CH,23,0
VW-VBN130,0,0
VW-VBN260,11,0
VW-VBN-CH,1,0
VX-FNB-80-LION,30,30
VX-FNB-V83,52,75
VX-FNB-V83-CH,8,56
WF-1CB,582,2214
WF-4396508,8608,8980
WF-4396701,580,461
WF-4396710,0,0
WF-640565,349,350
WF-644845,239,3772
WF-8171413,1,1458
WF-8171414,0,0
WF-836848,300,382
WF-BRCLASSIC,73,232
WF-BR-INTENZA,0,0
WF-DA29-00003G,361,1837
WF-DA29-00020B,9471,10087
WF-GSWF,202,644
WF-LT500P,2696,2883
WF-LT600P,792,2027
WF-LT700P,189,1525
WF-LT800P,407,810
WF-MAXTRA,0,0
WF-MSWF,402,458
WF-MWF,2014,605
WF-RO-CB10,6527,9227
WF-RO-GAC10,5035,0
WF-RO-IF10,482,868
WF-RO-PP10,4235,4179
WF-UKF7003,128,844
WF-UKF8001,9910,24863
WF-ULTRAWF,0,0
WF-W10295370A,0,0
WF-W10413645A,0,0
WH-70-1721,2,1
WH-70-1761,0,0
WH-70-1771,125,119
WH-70-1817,0,0
WH-70-1858,122,122
WH-70-2003,3,0
WH-70-5520,40,0
WH-70-5521,0,0
WH-70-7301,4,0
WH-70-7550,0,0
WH-70-7552,68,0
WH-72-6514,5,0
WH-72-7800,239,125
WR-18V-NICD-15,54,30
